{"stats":{"minecraft:killed":{"minecraft:pig":1},"minecraft:used":{"minecraft:orange_dye":68,"minecraft:water_bucket":4,"minecraft:flint_and_steel":4,"minecraft:powered_rail":139,"minecraft:redstone":37,"minecraft:oak_sign":4,"minecraft:chest":41,"minecraft:tinted_glass":1,"minecraft:composter":1,"minecraft:redstone_block":39,"minecraft:white_dye":2,"minecraft:glow_ink_sac":85,"minecraft:white_wool":10,"minecraft:birch_pressure_plate":1,"minecraft:anvil":2,"minecraft:comparator":7,"minecraft:light_blue_dye":6,"minecraft:hopper":44,"minecraft:birch_sign":142,"minecraft:shulker_box":22,"minecraft:blue_ice":3,"minecraft:note_block":14,"minecraft:pink_dye":4,"minecraft:obsidian":4,"minecraft:redstone_torch":2,"minecraft:glass":2,"minecraft:piston":18,"minecraft:lever":3,"minecraft:yellow_dye":7,"minecraft:quartz_slab":3,"minecraft:netherite_axe":1,"minecraft:purple_dye":2,"minecraft:repeater":20,"minecraft:redstone_lamp":1,"minecraft:black_stained_glass":1,"minecraft:iron_trapdoor":9,"minecraft:white_stained_glass":231,"minecraft:ice":1,"minecraft:white_concrete":46,"minecraft:red_dye":9,"minecraft:observer":60},"minecraft:custom":{"minecraft:inspect_dropper":220,"minecraft:interact_with_anvil":2,"minecraft:mob_kills":1,"minecraft:inspect_hopper":41,"minecraft:tune_noteblock":355,"minecraft:open_barrel":10,"minecraft:open_shulker_box":83,"minecraft:leave_game":39,"minecraft:time_since_death":1075670,"minecraft:climb_one_cm":162,"minecraft:time_since_rest":1075670,"minecraft:walk_one_cm":12841,"minecraft:drop":497,"minecraft:damage_dealt":100,"minecraft:fly_one_cm":6807164,"minecraft:open_chest":538,"minecraft:crouch_one_cm":24,"minecraft:play_time":1075670,"minecraft:sneak_time":36448,"minecraft:walk_under_water_one_cm":37233,"minecraft:jump":81,"minecraft:walk_on_water_one_cm":165476,"minecraft:total_world_time":1119985,"minecraft:inspect_dispenser":1},"minecraft:dropped":{"minecraft:water_bucket":1,"minecraft:note_block":1,"minecraft:anvil":1,"minecraft:orange_dye":1,"minecraft:glow_ink_sac":3,"minecraft:tinted_glass":6,"minecraft:observer":6,"minecraft:shulker_box":384,"minecraft:yellow_stained_glass_pane":19,"minecraft:iron_trapdoor":65,"minecraft:repeater":2,"minecraft:hopper":3,"minecraft:redstone_torch":2,"minecraft:birch_sign":5,"minecraft:white_dye":1,"minecraft:red_dye":1,"minecraft:powered_rail":2,"minecraft:glass":3,"minecraft:black_stained_glass":3,"minecraft:white_stained_glass":2595,"minecraft:redstone_block":6,"minecraft:redstone":11},"minecraft:picked_up":{"minecraft:iron_trapdoor":128,"minecraft:white_stained_glass":247,"minecraft:redstone_torch":1,"minecraft:powered_rail":2,"minecraft:porkchop":1,"minecraft:redstone":1,"minecraft:shulker_box":282,"minecraft:birch_sign":1,"minecraft:white_concrete":64,"minecraft:hopper":1}},"DataVersion":2975}